period,interval,wfa_idx,train_file,train_candles,train_start,train_end,oos_file,oos_candles,oos_start,oos_end
2018,5m,1,BTCUSDT_5m_2018_WFA01_TRAIN.csv,16128,2017-12-31,2018-02-27,BTCUSDT_5m_2018_WFA01_OOS.csv,6048,2018-02-27,2018-03-20
2018,5m,2,BTCUSDT_5m_2018_WFA02_TRAIN.csv,16128,2018-03-20,2018-05-15,BTCUSDT_5m_2018_WFA02_OOS.csv,6048,2018-05-15,2018-06-05
2018,5m,3,BTCUSDT_5m_2018_WFA03_TRAIN.csv,16128,2018-06-05,2018-07-31,BTCUSDT_5m_2018_WFA03_OOS.csv,6048,2018-07-31,2018-08-21
2018,5m,4,BTCUSDT_5m_2018_WFA04_TRAIN.csv,16128,2018-08-21,2018-10-16,BTCUSDT_5m_2018_WFA04_OOS.csv,6048,2018-10-16,2018-11-07
2020,5m,1,BTCUSDT_5m_2020_WFA01_TRAIN.csv,16128,2020-01-31,2020-03-27,BTCUSDT_5m_2020_WFA01_OOS.csv,6048,2020-03-27,2020-04-17
bull,5m,1,BTCUSDT_5m_bull_WFA01_TRAIN.csv,16128,2020-04-30,2020-06-25,BTCUSDT_5m_bull_WFA01_OOS.csv,6048,2020-06-25,2020-07-16
bull,5m,2,BTCUSDT_5m_bull_WFA02_TRAIN.csv,16128,2020-07-16,2020-09-10,BTCUSDT_5m_bull_WFA02_OOS.csv,6048,2020-09-10,2020-10-01
bull,5m,3,BTCUSDT_5m_bull_WFA03_TRAIN.csv,16128,2020-10-01,2020-11-26,BTCUSDT_5m_bull_WFA03_OOS.csv,6048,2020-11-26,2020-12-17
bull,5m,4,BTCUSDT_5m_bull_WFA04_TRAIN.csv,16128,2020-12-17,2021-02-12,BTCUSDT_5m_bull_WFA04_OOS.csv,6048,2021-02-12,2021-03-05
2022,5m,1,BTCUSDT_5m_2022_WFA01_TRAIN.csv,16128,2022-03-31,2022-05-26,BTCUSDT_5m_2022_WFA01_OOS.csv,6048,2022-05-26,2022-06-16
2022,5m,2,BTCUSDT_5m_2022_WFA02_TRAIN.csv,16128,2022-06-16,2022-08-11,BTCUSDT_5m_2022_WFA02_OOS.csv,6048,2022-08-11,2022-09-01
2022,5m,3,BTCUSDT_5m_2022_WFA03_TRAIN.csv,16128,2022-09-01,2022-10-27,BTCUSDT_5m_2022_WFA03_OOS.csv,6048,2022-10-27,2022-11-17
24,5m,1,BTCUSDT_5m_24_WFA01_TRAIN.csv,16128,2023-09-30,2023-11-25,BTCUSDT_5m_24_WFA01_OOS.csv,6048,2023-11-25,2023-12-16
24,5m,2,BTCUSDT_5m_24_WFA02_TRAIN.csv,16128,2023-12-16,2024-02-10,BTCUSDT_5m_24_WFA02_OOS.csv,6048,2024-02-10,2024-03-02
post,5m,1,BTCUSDT_5m_post_WFA01_TRAIN.csv,16128,2024-03-31,2024-05-26,BTCUSDT_5m_post_WFA01_OOS.csv,6048,2024-05-26,2024-06-16
post,5m,2,BTCUSDT_5m_post_WFA02_TRAIN.csv,16128,2024-06-16,2024-08-11,BTCUSDT_5m_post_WFA02_OOS.csv,6048,2024-08-11,2024-09-01
2018,15m,1,BTCUSDT_15m_2018_WFA01_TRAIN.csv,4032,2017-12-31,2018-02-13,BTCUSDT_15m_2018_WFA01_OOS.csv,1344,2018-02-13,2018-02-27
2018,15m,2,BTCUSDT_15m_2018_WFA02_TRAIN.csv,4032,2018-02-27,2018-04-10,BTCUSDT_15m_2018_WFA02_OOS.csv,1344,2018-04-10,2018-04-24
2018,15m,3,BTCUSDT_15m_2018_WFA03_TRAIN.csv,4032,2018-04-24,2018-06-05,BTCUSDT_15m_2018_WFA03_OOS.csv,1344,2018-06-05,2018-06-19
2018,15m,4,BTCUSDT_15m_2018_WFA04_TRAIN.csv,4032,2018-06-19,2018-07-31,BTCUSDT_15m_2018_WFA04_OOS.csv,1344,2018-07-31,2018-08-14
2018,15m,5,BTCUSDT_15m_2018_WFA05_TRAIN.csv,4032,2018-08-14,2018-09-25,BTCUSDT_15m_2018_WFA05_OOS.csv,1344,2018-09-25,2018-10-09
2018,15m,6,BTCUSDT_15m_2018_WFA06_TRAIN.csv,4032,2018-10-09,2018-11-21,BTCUSDT_15m_2018_WFA06_OOS.csv,1344,2018-11-21,2018-12-05
2020,15m,1,BTCUSDT_15m_2020_WFA01_TRAIN.csv,4032,2020-01-31,2020-03-13,BTCUSDT_15m_2020_WFA01_OOS.csv,1344,2020-03-13,2020-03-27
2020,15m,2,BTCUSDT_15m_2020_WFA02_TRAIN.csv,4032,2020-03-27,2020-05-09,BTCUSDT_15m_2020_WFA02_OOS.csv,1344,2020-05-09,2020-05-23
bull,15m,1,BTCUSDT_15m_bull_WFA01_TRAIN.csv,4032,2020-04-30,2020-06-11,BTCUSDT_15m_bull_WFA01_OOS.csv,1344,2020-06-11,2020-06-25
bull,15m,2,BTCUSDT_15m_bull_WFA02_TRAIN.csv,4032,2020-06-25,2020-08-06,BTCUSDT_15m_bull_WFA02_OOS.csv,1344,2020-08-06,2020-08-20
bull,15m,3,BTCUSDT_15m_bull_WFA03_TRAIN.csv,4032,2020-08-20,2020-10-01,BTCUSDT_15m_bull_WFA03_OOS.csv,1344,2020-10-01,2020-10-15
bull,15m,4,BTCUSDT_15m_bull_WFA04_TRAIN.csv,4032,2020-10-15,2020-11-26,BTCUSDT_15m_bull_WFA04_OOS.csv,1344,2020-11-26,2020-12-10
bull,15m,5,BTCUSDT_15m_bull_WFA05_TRAIN.csv,4032,2020-12-10,2021-01-22,BTCUSDT_15m_bull_WFA05_OOS.csv,1344,2021-01-22,2021-02-05
bull,15m,6,BTCUSDT_15m_bull_WFA06_TRAIN.csv,4032,2021-02-05,2021-03-19,BTCUSDT_15m_bull_WFA06_OOS.csv,1344,2021-03-19,2021-04-02
2022,15m,1,BTCUSDT_15m_2022_WFA01_TRAIN.csv,4032,2022-03-31,2022-05-12,BTCUSDT_15m_2022_WFA01_OOS.csv,1344,2022-05-12,2022-05-26
2022,15m,2,BTCUSDT_15m_2022_WFA02_TRAIN.csv,4032,2022-05-26,2022-07-07,BTCUSDT_15m_2022_WFA02_OOS.csv,1344,2022-07-07,2022-07-21
2022,15m,3,BTCUSDT_15m_2022_WFA03_TRAIN.csv,4032,2022-07-21,2022-09-01,BTCUSDT_15m_2022_WFA03_OOS.csv,1344,2022-09-01,2022-09-15
2022,15m,4,BTCUSDT_15m_2022_WFA04_TRAIN.csv,4032,2022-09-15,2022-10-27,BTCUSDT_15m_2022_WFA04_OOS.csv,1344,2022-10-27,2022-11-10
24,15m,1,BTCUSDT_15m_24_WFA01_TRAIN.csv,4032,2023-09-30,2023-11-11,BTCUSDT_15m_24_WFA01_OOS.csv,1344,2023-11-11,2023-11-25
24,15m,2,BTCUSDT_15m_24_WFA02_TRAIN.csv,4032,2023-11-25,2024-01-06,BTCUSDT_15m_24_WFA02_OOS.csv,1344,2024-01-06,2024-01-20
24,15m,3,BTCUSDT_15m_24_WFA03_TRAIN.csv,4032,2024-01-20,2024-03-02,BTCUSDT_15m_24_WFA03_OOS.csv,1344,2024-03-02,2024-03-16
post,15m,1,BTCUSDT_15m_post_WFA01_TRAIN.csv,4032,2024-03-31,2024-05-12,BTCUSDT_15m_post_WFA01_OOS.csv,1344,2024-05-12,2024-05-26
post,15m,2,BTCUSDT_15m_post_WFA02_TRAIN.csv,4032,2024-05-26,2024-07-07,BTCUSDT_15m_post_WFA02_OOS.csv,1344,2024-07-07,2024-07-21
post,15m,3,BTCUSDT_15m_post_WFA03_TRAIN.csv,4032,2024-07-21,2024-09-01,BTCUSDT_15m_post_WFA03_OOS.csv,1344,2024-09-01,2024-09-15
2018,1h,1,BTCUSDT_1h_2018_WFA01_TRAIN.csv,2160,2017-12-31,2018-04-02,BTCUSDT_1h_2018_WFA01_OOS.csv,1080,2018-04-02,2018-05-17
2018,1h,2,BTCUSDT_1h_2018_WFA02_TRAIN.csv,2160,2018-05-17,2018-08-15,BTCUSDT_1h_2018_WFA02_OOS.csv,1080,2018-08-15,2018-09-29
2020,1h,1,BTCUSDT_1h_2020_WFA01_TRAIN.csv,2160,2020-01-31,2020-04-30,BTCUSDT_1h_2020_WFA01_OOS.csv,1080,2020-05-01,2020-06-14
bull,1h,1,BTCUSDT_1h_bull_WFA01_TRAIN.csv,2160,2020-04-30,2020-07-29,BTCUSDT_1h_bull_WFA01_OOS.csv,1080,2020-07-29,2020-09-12
bull,1h,2,BTCUSDT_1h_bull_WFA02_TRAIN.csv,2160,2020-09-12,2020-12-11,BTCUSDT_1h_bull_WFA02_OOS.csv,1080,2020-12-11,2021-01-25
2022,1h,1,BTCUSDT_1h_2022_WFA01_TRAIN.csv,2160,2022-03-31,2022-06-29,BTCUSDT_1h_2022_WFA01_OOS.csv,1080,2022-06-29,2022-08-13
2022,1h,2,BTCUSDT_1h_2022_WFA02_TRAIN.csv,2160,2022-08-13,2022-11-11,BTCUSDT_1h_2022_WFA02_OOS.csv,1080,2022-11-11,2022-12-26
24,1h,1,BTCUSDT_1h_24_WFA01_TRAIN.csv,2160,2023-09-30,2023-12-29,BTCUSDT_1h_24_WFA01_OOS.csv,1080,2023-12-29,2024-02-12
post,1h,1,BTCUSDT_1h_post_WFA01_TRAIN.csv,2160,2024-03-31,2024-06-29,BTCUSDT_1h_post_WFA01_OOS.csv,1080,2024-06-29,2024-08-13
2019,1h,1,BTCUSDT_1h_2019_WFA01_TRAIN.csv,2160,2017-12-31,2018-04-02,BTCUSDT_1h_2019_WFA01_OOS.csv,1080,2018-04-02,2018-05-17
2019,1h,2,BTCUSDT_1h_2019_WFA02_TRAIN.csv,2160,2018-05-17,2018-08-15,BTCUSDT_1h_2019_WFA02_OOS.csv,1080,2018-08-15,2018-09-29
2019,1h,3,BTCUSDT_1h_2019_WFA03_TRAIN.csv,2160,2018-09-29,2018-12-29,BTCUSDT_1h_2019_WFA03_OOS.csv,1080,2018-12-29,2019-02-12
2019,1h,4,BTCUSDT_1h_2019_WFA04_TRAIN.csv,2160,2019-02-12,2019-05-13,BTCUSDT_1h_2019_WFA04_OOS.csv,1080,2019-05-13,2019-06-27
2019,1h,5,BTCUSDT_1h_2019_WFA05_TRAIN.csv,2160,2019-06-27,2019-09-26,BTCUSDT_1h_2019_WFA05_OOS.csv,1080,2019-09-26,2019-11-10
2021,1h,1,BTCUSDT_1h_2021_WFA01_TRAIN.csv,2160,2019-12-31,2020-03-30,BTCUSDT_1h_2021_WFA01_OOS.csv,1080,2020-03-30,2020-05-14
2021,1h,2,BTCUSDT_1h_2021_WFA02_TRAIN.csv,2160,2020-05-15,2020-08-13,BTCUSDT_1h_2021_WFA02_OOS.csv,1080,2020-08-13,2020-09-27
2021,1h,3,BTCUSDT_1h_2021_WFA03_TRAIN.csv,2160,2020-09-27,2020-12-26,BTCUSDT_1h_2021_WFA03_OOS.csv,1080,2020-12-26,2021-02-09
2021,1h,4,BTCUSDT_1h_2021_WFA04_TRAIN.csv,2160,2021-02-09,2021-05-10,BTCUSDT_1h_2021_WFA04_OOS.csv,1080,2021-05-10,2021-06-24
2021,1h,5,BTCUSDT_1h_2021_WFA05_TRAIN.csv,2160,2021-06-24,2021-09-22,BTCUSDT_1h_2021_WFA05_OOS.csv,1080,2021-09-22,2021-11-06
2024,1h,1,BTCUSDT_1h_2024_WFA01_TRAIN.csv,2160,2021-12-31,2022-03-31,BTCUSDT_1h_2024_WFA01_OOS.csv,1080,2022-03-31,2022-05-15
2024,1h,2,BTCUSDT_1h_2024_WFA02_TRAIN.csv,2160,2022-05-15,2022-08-13,BTCUSDT_1h_2024_WFA02_OOS.csv,1080,2022-08-13,2022-09-27
2024,1h,3,BTCUSDT_1h_2024_WFA03_TRAIN.csv,2160,2022-09-27,2022-12-26,BTCUSDT_1h_2024_WFA03_OOS.csv,1080,2022-12-26,2023-02-09
2024,1h,4,BTCUSDT_1h_2024_WFA04_TRAIN.csv,2160,2023-02-09,2023-05-10,BTCUSDT_1h_2024_WFA04_OOS.csv,1080,2023-05-10,2023-06-24
2024,1h,5,BTCUSDT_1h_2024_WFA05_TRAIN.csv,2160,2023-06-24,2023-09-22,BTCUSDT_1h_2024_WFA05_OOS.csv,1080,2023-09-22,2023-11-06
2024,1h,6,BTCUSDT_1h_2024_WFA06_TRAIN.csv,2160,2023-11-06,2024-02-04,BTCUSDT_1h_2024_WFA06_OOS.csv,1080,2024-02-04,2024-03-20
2024,1h,7,BTCUSDT_1h_2024_WFA07_TRAIN.csv,2160,2024-03-20,2024-06-18,BTCUSDT_1h_2024_WFA07_OOS.csv,1080,2024-06-18,2024-08-02
2024,1h,8,BTCUSDT_1h_2024_WFA08_TRAIN.csv,2160,2024-08-02,2024-10-31,BTCUSDT_1h_2024_WFA08_OOS.csv,1080,2024-10-31,2024-12-15
2018,4h,1,BTCUSDT_4h_2018_WFA01_TRAIN.csv,1080,2017-12-31,2018-07-01,BTCUSDT_4h_2018_WFA01_OOS.csv,540,2018-07-01,2018-09-29
bull,4h,1,BTCUSDT_4h_bull_WFA01_TRAIN.csv,1080,2020-04-30,2020-10-27,BTCUSDT_4h_bull_WFA01_OOS.csv,540,2020-10-27,2021-01-25
2022,4h,1,BTCUSDT_4h_2022_WFA01_TRAIN.csv,1080,2022-03-31,2022-09-27,BTCUSDT_4h_2022_WFA01_OOS.csv,540,2022-09-27,2022-12-26
2019,4h,1,BTCUSDT_4h_2019_WFA01_TRAIN.csv,1080,2017-12-31,2018-07-01,BTCUSDT_4h_2019_WFA01_OOS.csv,540,2018-07-01,2018-09-29
2019,4h,2,BTCUSDT_4h_2019_WFA02_TRAIN.csv,1080,2018-09-29,2019-03-28,BTCUSDT_4h_2019_WFA02_OOS.csv,540,2019-03-28,2019-06-26
2021,4h,1,BTCUSDT_4h_2021_WFA01_TRAIN.csv,1080,2019-12-31,2020-06-28,BTCUSDT_4h_2021_WFA01_OOS.csv,540,2020-06-28,2020-09-26
2021,4h,2,BTCUSDT_4h_2021_WFA02_TRAIN.csv,1080,2020-09-26,2021-03-25,BTCUSDT_4h_2021_WFA02_OOS.csv,540,2021-03-25,2021-06-23
2024,4h,1,BTCUSDT_4h_2024_WFA01_TRAIN.csv,1080,2021-12-31,2022-06-29,BTCUSDT_4h_2024_WFA01_OOS.csv,540,2022-06-29,2022-09-27
2024,4h,2,BTCUSDT_4h_2024_WFA02_TRAIN.csv,1080,2022-09-27,2023-03-26,BTCUSDT_4h_2024_WFA02_OOS.csv,540,2023-03-26,2023-06-24
2024,4h,3,BTCUSDT_4h_2024_WFA03_TRAIN.csv,1080,2023-06-24,2023-12-21,BTCUSDT_4h_2024_WFA03_OOS.csv,540,2023-12-21,2024-03-20
2024,4h,4,BTCUSDT_4h_2024_WFA04_TRAIN.csv,1080,2024-03-20,2024-09-16,BTCUSDT_4h_2024_WFA04_OOS.csv,540,2024-09-16,2024-12-15
